temperature,mode,swing,fan,frequency,unique_cycle,code
18,C,1,100,36630,"3464,1755,417,1321,419,452,415,30034,419,0","220,1,34,33,34,34,18,17,33,17,17,34,18,34,34,33,17,18,34,34,34,34,34,34,34,34,34,34,34,34,18,34,34,35,1,34,33,34,34,18,17,33,17,17,34,18,34,34,34,34,34,34,34,34,33,34,33,1 8,34,33,34,18,34,34,34,34,33,17,18,18,18,34,34,34,34,34,34,34,34,34,34,34,34,34,34,34,34,34,34,34,34,34,34,34,34,18,34,33,18,34,34,34,34,34,34,34,34,34,17,33,20"
20,C,1,100,36900,"3464,1753,419,1318,419,452,417,30032,419,0","220,1,34,33,34,34,18,17,33,17,17,34,18,34,34,33,17,18,34,34,34,34,34,34,34,34,34,34,34,34,18,34,34,35,1,34,33,34,34,18,17,33,17,17,34,18,34,34,34,34,34,34,34,34,33,34,33,18,34,34,18,18,34,34,34,34,33,17,18,18,18,34,34,34,34,34,34,34,34,34,34,34,34,34,34,34,34,34,34,34,34,34,34,34,34,18,34,33,18,34,34,34,34,34,34,34,34,33,17,33,20"
22,C,1,100,36697,"3466,1755,417,1320,417,452,417,30034,419,0","220,1,34,33,34,34,18,17,33,17,17,34,18,34,34,33,17,18,34,34,34,34,34,34,34,34,34,34,34,34,18,34,34,35,1,34,33,34,34,18,17,33,17,17,34,18,34,34,34,34,34,34,34,34,33,34,33,18,34,33,18,18,34,34,34,34,33,17,18,18,18,34,34,34,34,34,34,34,34,34,34,34,34,34,34,34,34,34,34,34,34,34,34,34,34,18,34,33,18,34,34,34,34,34,34,34,34,34,34,17,20"
23,C,1,100,36630,"3466,1755,417,1321,417,452,419,30030,419,0","220,1,34,33,34,34,18,17,33,17,17,34,18,34,34,33,17,18,34,34,34,34,34,34,34,34,34,34,34,34,18,34,34,35,1,34,33,34,34,18,17,33,17,17,34,18,34,34,34,34,34,34,34,34,33,34,33,18,34,17,18,18,34,34,34,34,33,17,18,18,18,34,34,34,34,34,34,34,34,34,34,34,34,34,34,34,34,34,34,34,34,34,34,34,34,18,34,33,18,34,34,34,34,34,34,34,34,18,34,17,20"
24,C,1,100,36968,"3464,1757,415,1320,419,449,417,30032,417,0","220,1,34,33,34,34,18,17,33,17,17,34,18,34,34,33,17,18,34,34,34,34,34,34,34,34,34,34,34,34,18,34,34,35,1,34,33,34,34,18,17,33,17,17,34,18,34,34,34,34,34,34,34,34,33,34,33,18,34,34,33,18,34,34,34,34,33,17,18,18,18,34,34,34,34,34,34,34,34,34,34,34,34,34,34,34,34,34,34,34,34,34,34,34,34,18,34,33,18,34,34,34,34,34,34,34,34,33,34,17,20"
25,C,1,100,36630,"3464,1755,417,1321,417,452,417,30032,419,0","220,1,34,33,34,34,18,17,33,17,17,34,18,34,34,33,17,18,34,34,34,34,34,34,34,34,34,34,34,34,18,34,34,35,1,34,33,34,34,18,17,33,17,17,34,18,34,34,34,34,34,34,34,34,33,34,33,18,34,18,33,18,34,34,34,34,33,17,18,18,18,34,34,34,34,34,34,34,34,34,34,34,34,34,34,34,34,34,34,34,34,34,34,34,34,18,34,33,18,34,34,34,34,34,34,34,34,17,34,17,20"
26,C,1,100,36968,"3465,1755,417,1321,417,452,417,30032,419,0","220,1,34,33,34,34,18,17,33,17,17,34,18,34,34,33,17,18,34,34,34,34,34,34,34,34,34,34,34,34,18,34,34,35,1,34,33,34,34,18,17,33,17,17,34,18,34,34,34,34,34,34,34,34,33,34,33,18,34,33,33,18,34,34,34,34,33,17,18,18,18,34,34,34,34,34,34,34,34,34,34,34,34,34,34,34,34,34,34,34,34,34,34,34,34,18,34,33,18,34,34,34,34,34,34,34,34,34,18,17,20"
27,C,1,100,36630,"3465,1757,415,1321,417,452,417,30032,417,0","220,1,34,33,34,34,18,17,33,17,17,34,18,34,34,33,17,18,34,34,34,34,34,34,34,34,34,34,34,34,18,34,34,35,1,34,33,34,34,18,17,33,17,17,34,18,34,34,34,34,34,34,34,34,33,34,33,18,34,17,33,18,34,34,34,34,33,17,18,18,18,34,34,34,34,34,34,34,34,34,34,34,34,34,34,34,34,34,34,34,34,34,34,34,34,18,34,33,18,34,34,34,34,34,34,34,34,18,18,17,20"
28,C,1,100,36630,"3463,1755,419,1319,419,452,415,30034,419,0","220,1,34,33,34,34,18,17,33,17,17,34,18,34,34,33,17,18,34,34,34,34,34,34,34,34,34,34,34,34,18,34,34,35,1,34,33,34,34,18,17,33,17,17,34,18,34,34,34,34,34,34,34,34,33,34,33,18,34,34,17,18,34,34,34,34,33,17,18,18,18,34,34,34,34,34,34,34,34,34,34,34,34,34,34,34,34,34,34,34,34,34,34,34,34,18,34,33,18,34,34,34,34,34,34,34,34,33,18,17,20"
29,C,1,100,36900,"3464,1755,417,1320,417,452,417,30033,420,0","220,1,34,33,34,34,18,17,33,17,17,34,18,34,34,33,17,18,34,34,34,34,34,34,34,34,34,34,34,34,18,34,34,35,1,34,33,34,34,18,17,33,17,17,34,18,34,34,34,34,34,34,34,34,33,34,33,18,34,18,17,18,34,34,34,34,33,17,18,18,18,34,34,34,34,34,34,34,34,34,34,34,34,34,34,34,34,34,34,34,34,34,34,34,34,18,34,33,18,34,34,34,34,34,34,34,34,17,18,17,20"
30,C,1,100,36697,"3465,1753,419,1321,417,452,420,30030,419,0","220,1,34,33,34,34,18,17,33,17,17,34,18,34,34,33,17,18,34,34,34,34,34,34,34,34,34,34,34,34,18,34,34,35,1,34,33,34,34,18,17,33,17,17,34,18,34,34,34,34,34,34,34,34,33,34,33,18,34,33,17,18,34,34,34,34,33,17,18,18,18,34,34,34,34,34,34,34,34,34,34,34,34,34,34,34,34,34,34,34,34,34,34,34,34,18,34,33,18,34,34,34,34,34,34,34,34,34,33,17,20"
18,C,0,100,36630,"3465,1753,419,1319,419,452,417,30032,419,0","220,1,34,33,34,34,18,17,33,17,17,34,18,34,34,33,17,18,34,34,34,34,34,34,34,34,34,34,34,34,18,34,34,35,1,34,33,34,34,18,17,33,17,17,34,18,34,34,34,34,34,34,34,34,33,34,33,18,34,33,34,18,34,34,34,34,34,34,34,18,18,34,34,34,34,34,34,34,34,34,34,34,34,34,34,34,34,34,34,34,34,34,34,34,34,18,34,33,18,34,34,34,34,34,34,34,33,34,18,33,20"
20,C,0,100,36630,"3464,1755,419,1319,419,450,417,30033,419,0","220,1,34,33,34,34,18,17,33,17,17,34,18,34,34,33,17,18,34,34,34,34,34,34,34,34,34,34,34,34,18,34,34,35,1,34,33,34,34,18,17,33,17,17,34,18,34,34,34,34,34,34,34,34,33,34,33,18,34,34,18,18,34,34,34,34,34,34,34,18,18,34,34,34,34,34,34,34,34,34,34,34,34,34,34,34,34,34,34,34,34,34,34,34,34,18,34,33,18,34,34,34,34,34,34,34,33,33,18,33,20"
22,C,0,100,36630,"3466,1753,419,1321,417,452,417,30031,419,0","220,1,34,33,34,34,18,17,33,17,17,34,18,34,34,33,17,18,34,34,34,34,34,34,34,34,34,34,34,34,18,34,34,35,1,34,33,34,34,18,17,33,17,17,34,18,34,34,34,34,34,34,34,34,33,34,33,18,34,33,18,18,34,34,34,34,34,34,34,18,18,34,34,34,34,34,34,34,34,34,34,34,34,34,34,34,34,34,34,34,34,34,34,34,34,18,34,33,18,34,34,34,34,34,34,34,33,34,33,33,20"
23,C,0,100,36630,"3464,1755,419,1318,419,451,417,30033,419,0","220,1,34,33,34,34,18,17,33,17,17,34,18,34,34,33,17,18,34,34,34,34,34,34,34,34,34,34,34,34,18,34,34,35,1,34,33,34,34,18,17,33,17,17,34,18,34,34,34,34,34,34,34,34,33,34,33,18,34,17,18,18,34,34,34,34,34,34,34,18,18,34,34,34,34,34,34,34,34,34,34,34,34,34,34,34,34,34,34,34,34,34,34,34,34,18,34,33,18,34,34,34,34,34,34,34,33,18,33,33,20"
24,C,0,100,36630,"3464,1755,417,1321,417,452,417,30032,417,0","220,1,34,33,34,34,18,17,33,17,17,34,18,34,34,33,17,18,34,34,34,34,34,34,34,34,34,34,34,34,18,34,34,35,1,34,33,34,34,18,17,33,17,17,34,18,34,34,34,34,34,34,34,34,33,34,33,18,34,34,33,18,34,34,34,34,34,34,34,18,18,34,34,34,34,34,34,34,34,34,34,34,34,34,34,34,34,34,34,34,34,34,34,34,34,18,34,33,18,34,34,34,34,34,34,34,33,33,33,33,20"
25,C,0,100,36630,"3465,1753,420,1319,419,450,417,30032,419,0","220,1,34,33,34,34,18,17,33,17,17,34,18,34,34,33,17,18,34,34,34,34,34,34,34,34,34,34,34,34,18,34,34,35,1,34,33,34,34,18,17,33,17,17,34,18,34,34,34,34,34,34,34,34,33,34,33,18,34,18,33,18,34,34,34,34,34,34,34,18,18,34,34,34,34,34,34,34,34,34,34,34,34,34,34,34,34,34,34,34,34,34,34,34,34,18,34,33,18,34,34,34,34,34,34,34,33,17,33,33,20"
26,C,0,100,36630,"3465,1753,419,1319,419,450,417,30032,419,0","220,1,34,33,34,34,18,17,33,17,17,34,18,34,34,33,17,18,34,34,34,34,34,34,34,34,34,34,34,34,18,34,34,35,1,34,33,34,34,18,17,33,17,17,34,18,34,34,34,34,34,34,34,34,33,34,33,18,34,33,33,18,34,34,34,34,34,34,34,18,18,34,34,34,34,34,34,34,34,34,34,34,34,34,34,34,34,34,34,34,34,34,34,34,34,18,34,33,18,34,34,34,34,34,34,34,33,34,17,33,20"
27,C,0,100,36630,"3467,1753,419,1319,420,449,417,30032,419,0","220,1,34,33,34,34,18,17,33,17,17,34,18,34,34,33,17,18,34,34,34,34,34,34,34,34,34,34,34,34,18,34,34,35,1,34,33,34,34,18,17,33,17,17,34,18,34,34,34,34,34,34,34,34,33,34,33,18,34,17,33,18,34,34,34,34,34,34,34,18,18,34,34,34,34,34,34,34,34,34,34,34,34,34,34,34,34,34,34,34,34,34,34,34,34,18,34,33,18,34,34,34,34,34,34,34,33,18,17,33,20"
28,C,0,100,36630,"3465,1756,417,1321,417,452,417,30033,417,0","220,1,34,33,34,34,18,17,33,17,17,34,18,34,34,33,17,18,34,34,34,34,34,34,34,34,34,34,34,34,18,34,34,35,1,34,33,34,34,18,17,33,17,17,34,18,34,34,34,34,34,34,34,34,33,34,33,18,34,34,17,18,34,34,34,34,34,34,34,18,18,34,34,34,34,34,34,34,34,34,34,34,34,34,34,34,34,34,34,34,34,34,34,34,34,18,34,33,18,34,34,34,34,34,34,34,33,33,17,33,20"
29,C,0,100,36630,"3465,1753,419,1319,420,452,417,30033,420,0","220,1,34,33,34,34,18,17,33,17,17,34,18,34,34,33,17,18,34,34,34,34,34,34,34,34,34,34,34,34,18,34,34,35,1,34,33,34,34,18,17,33,17,17,34,18,34,34,34,34,34,34,34,34,33,34,33,18,34,18,17,18,34,34,34,34,34,34,34,18,18,34,34,34,34,34,34,34,34,34,34,34,34,34,34,34,34,34,34,34,34,34,34,34,34,18,34,33,18,34,34,34,34,34,34,34,33,17,17,33,20"
30,C,0,100,36968,"3465,1756,417,1321,417,452,417,30032,419,0","220,1,34,33,34,34,18,17,33,17,17,34,18,34,34,33,17,18,34,34,34,34,34,34,34,34,34,34,34,34,18,34,34,35,1,34,33,34,34,18,17,33,17,17,34,18,34,34,34,34,34,34,34,34,33,34,33,18,34,33,17,18,34,34,34,34,34,34,34,18,18,34,34,34,34,34,34,34,34,34,34,34,34,34,34,34,34,34,34,34,34,34,34,34,34,18,34,33,18,34,34,34,34,34,34,34,33,34,34,17,20"
18,C,1,25,36630,"3464,1755,419,1319,420,449,417,30031,417,0","220,1,34,33,34,34,18,17,33,17,17,34,18,34,34,33,17,18,34,34,34,34,34,34,34,34,34,34,34,34,18,34,34,35,1,34,33,34,34,18,17,33,17,17,34,18,34,34,34,34,34,34,34,34,33,34,33,18,34,33,34,18,34,34,34,34,33,17,17,18,34,34,34,34,34,34,34,34,34,34,34,34,34,34,34,34,34,34,34,34,34,34,34,34,34,18,34,33,18,34,34,34,34,34,34,34,34,34,18,17,36"
20,C,1,25,36630,"3465,1755,417,1321,417,452,415,30032,415,0","220,1,34,33,34,34,18,17,33,17,17,34,18,34,34,33,17,18,34,34,34,34,34,34,34,34,34,34,34,34,18,34,34,35,1,34,33,34,34,18,17,33,17,17,34,18,34,34,34,34,34,34,34,34,33,34,33,18,34,34,18,18,34,34,34,34,33,17,17,18,34,34,34,34,34,34,34,34,34,34,34,34,34,34,34,34,34,34,34,34,34,34,34,34,34,18,34,33,18,34,34,34,34,34,34,34,34,33,18,17,36"
22,C,1,25,36630,"3465,1756,417,1321,417,454,415,30034,415,0","220,1,34,33,34,34,18,17,33,17,17,34,18,34,34,33,17,18,34,34,34,34,34,34,34,34,34,34,34,34,18,34,34,35,1,34,33,34,34,18,17,33,17,17,34,18,34,34,34,34,34,34,34,34,33,34,33,18,34,33,18,18,34,34,34,34,33,17,17,18,34,34,34,34,34,34,34,34,34,34,34,34,34,34,34,34,34,34,34,34,34,34,34,34,34,18,34,33,18,34,34,34,34,34,34,34,34,34,33,17,36"
23,C,1,25,36900,"3465,1755,419,1319,417,452,415,30034,417,0","220,1,34,33,34,34,18,17,33,17,17,34,18,34,34,33,17,18,34,34,34,34,34,34,34,34,34,34,34,34,18,34,34,35,1,34,33,34,34,18,17,33,17,17,34,18,34,34,34,34,34,34,34,34,33,34,33,18,34,17,18,18,34,34,34,34,33,17,17,18,34,34,34,34,34,34,34,34,34,34,34,34,34,34,34,34,34,34,34,34,34,34,34,34,34,18,34,33,18,34,34,34,34,34,34,34,34,18,33,17,36"
24,C,1,25,36630,"3465,1755,419,1318,419,450,417,30031,417,0","220,1,34,33,34,34,18,17,33,17,17,34,18,34,34,33,17,18,34,34,34,34,34,34,34,34,34,34,34,34,18,34,34,35,1,34,33,34,34,18,17,33,17,17,34,18,34,34,34,34,34,34,34,34,33,34,33,18,34,34,33,18,34,34,34,34,33,17,17,18,34,34,34,34,34,34,34,34,34,34,34,34,34,34,34,34,34,34,34,34,34,34,34,34,34,18,34,33,18,34,34,34,34,34,34,34,34,33,33,17,36"
25,C,1,25,36630,"3465,1753,419,1321,417,452,417,30033,417,0","220,1,34,33,34,34,18,17,33,17,17,34,18,34,34,33,17,18,34,34,34,34,34,34,34,34,34,34,34,34,18,34,34,35,1,34,33,34,34,18,17,33,17,17,34,18,34,34,34,34,34,34,34,34,33,34,33,18,34,18,33,18,34,34,34,34,33,17,17,18,34,34,34,34,34,34,34,34,34,34,34,34,34,34,34,34,34,34,34,34,34,34,34,34,34,18,34,33,18,34,34,34,34,34,34,34,34,17,33,17,36"
26,C,1,25,36630,"3465,1755,419,1318,419,449,417,30033,417,0","220,1,34,33,34,34,18,17,33,17,17,34,18,34,34,33,17,18,34,34,34,34,34,34,34,34,34,34,34,34,18,34,34,35,1,34,33,34,34,18,17,33,17,17,34,18,34,34,34,34,34,34,34,34,33,34,33,18,34,33,33,18,34,34,34,34,33,17,17,18,34,34,34,34,34,34,34,34,34,34,34,34,34,34,34,34,34,34,34,34,34,34,34,34,34,18,34,33,18,34,34,34,34,34,34,34,34,34,17,17,36"
27,C,1,25,36630,"3465,1753,419,1319,419,450,417,30034,417,0","220,1,34,33,34,34,18,17,33,17,17,34,18,34,34,33,17,18,34,34,34,34,34,34,34,34,34,34,34,34,18,34,34,35,1,34,33,34,34,18,17,33,17,17,34,18,34,34,34,34,34,34,34,34,33,34,33,18,34,17,33,18,34,34,34,34,33,17,17,18,34,34,34,34,34,34,34,34,34,34,34,34,34,34,34,34,34,34,34,34,34,34,34,34,34,18,34,33,18,34,34,34,34,34,34,34,34,18,17,17,36"
28,C,1,25,36630,"3465,1755,417,1321,417,452,417,30031,417,0","220,1,34,33,34,34,18,17,33,17,17,34,18,34,34,33,17,18,34,34,34,34,34,34,34,34,34,34,34,34,18,34,34,35,1,34,33,34,34,18,17,33,17,17,34,18,34,34,34,34,34,34,34,34,33,34,33,18,34,34,17,18,34,34,34,34,33,17,17,18,34,34,34,34,34,34,34,34,34,34,34,34,34,34,34,34,34,34,34,34,34,34,34,34,34,18,34,33,18,34,34,34,34,34,34,34,34,33,17,17,36"
29,C,1,25,36630,"3465,1753,419,1319,419,449,417,30033,413,0","220,1,34,33,34,34,18,17,33,17,17,34,18,34,34,33,17,18,34,34,34,34,34,34,34,34,34,34,34,34,18,34,34,35,1,34,33,34,34,18,17,33,17,17,34,18,34,34,34,34,34,34,34,34,33,34,33,18,34,18,17,18,34,34,34,34,33,17,17,18,34,34,34,34,34,34,34,34,34,34,34,34,34,34,34,34,34,34,34,34,34,34,34,34,34,18,34,33,18,34,34,34,34,34,34,34,34,17,17,17,36"
30,C,1,25,36630,"3464,1755,419,1319,419,450,417,30033,417,0","220,1,34,33,34,34,18,17,33,17,17,34,18,34,34,33,17,18,34,34,34,34,34,34,34,34,34,34,34,34,18,34,34,35,1,34,33,34,34,18,17,33,17,17,34,18,34,34,34,34,34,34,34,34,33,34,33,18,34,33,17,18,34,34,34,34,33,17,17,18,34,34,34,34,34,34,34,34,34,34,34,34,34,34,34,34,34,34,34,34,34,34,34,34,34,18,34,33,18,34,34,34,34,34,34,34,34,34,34,34,20"
18,C,0,25,36630,"3464,1755,419,1318,419,449,417,30033,417,0","220,1,34,33,34,34,18,17,33,17,17,34,18,34,34,33,17,18,34,34,34,34,34,34,34,34,34,34,34,34,18,34,34,35,1,34,33,34,34,18,17,33,17,17,34,18,34,34,34,34,34,34,34,34,33,34,33,18,34,33,34,18,34,34,34,34,34,34,33,18,34,34,34,34,34,34,34,34,34,34,34,34,34,34,34,34,34,34,34,34,34,34,34,34,34,18,34,33,18,34,34,34,34,34,34,34,33,34,17,33,36"
20,C,0,25,36630,"3465,1753,420,1318,419,450,419,30031,417,0","220,1,34,33,34,34,18,17,33,17,17,34,18,34,34,33,17,18,34,34,34,34,34,34,34,34,34,34,34,34,18,34,34,35,1,34,33,34,34,18,17,33,17,17,34,18,34,34,34,34,34,34,34,34,33,34,33,18,34,34,18,18,34,34,34,34,34,34,33,18,34,34,34,34,34,34,34,34,34,34,34,34,34,34,34,34,34,34,34,34,34,34,34,34,34,18,34,33,18,34,34,34,34,34,34,34,33,33,17,33,36"
22,C,0,25,36630,"3465,1753,419,1319,417,452,419,30031,417,0","220,1,34,33,34,34,18,17,33,17,17,34,18,34,34,33,17,18,34,34,34,34,34,34,34,34,34,34,34,34,18,34,34,35,1,34,33,34,34,18,17,33,17,17,34,18,34,34,34,34,34,34,34,34,33,34,33,18,34,33,18,18,34,34,34,34,34,34,33,18,34,34,34,34,34,34,34,34,34,34,34,34,34,34,34,34,34,34,34,34,34,34,34,34,34,18,34,33,18,34,34,34,34,34,34,34,33,34,34,17,36"
23,C,0,25,36630,"3466,1754,420,1319,417,452,417,30032,417,0","220,1,34,33,34,34,18,17,33,17,17,34,18,34,34,33,17,18,34,34,34,34,34,34,34,34,34,34,34,34,18,34,34,35,1,34,33,34,34,18,17,33,17,17,34,18,34,34,34,34,34,34,34,34,33,34,33,18,34,17,18,18,34,34,34,34,34,34,33,18,34,34,34,34,34,34,34,34,34,34,34,34,34,34,34,34,34,34,34,34,34,34,34,34,34,18,34,33,18,34,34,34,34,34,34,34,33,18,34,17,36"
24,C,0,25,36630,"3465,1753,419,1319,419,452,417,30032,419,0","220,1,34,33,34,34,18,17,33,17,17,34,18,34,34,33,17,18,34,34,34,34,34,34,34,34,34,34,34,34,18,34,34,35,1,34,33,34,34,18,17,33,17,17,34,18,34,34,34,34,34,34,34,34,33,34,33,18,34,34,33,18,34,34,34,34,34,34,33,18,34,34,34,34,34,34,34,34,34,34,34,34,34,34,34,34,34,34,34,34,34,34,34,34,34,18,34,33,18,34,34,34,34,34,34,34,33,33,34,17,36"
25,C,0,25,36630,"3467,1753,419,1318,419,450,417,30033,417,0","220,1,34,33,34,34,18,17,33,17,17,34,18,34,34,33,17,18,34,34,34,34,34,34,34,34,34,34,34,34,18,34,34,35,1,34,33,34,34,18,17,33,17,17,34,18,34,34,34,34,34,34,34,34,33,34,33,18,34,18,33,18,34,34,34,34,34,34,33,18,34,34,34,34,34,34,34,34,34,34,34,34,34,34,34,34,34,34,34,34,34,34,34,34,34,18,34,33,18,34,34,34,34,34,34,34,33,17,34,17,36"
26,C,0,25,36900,"3466,1753,419,1318,419,450,417,30032,419,0","220,1,34,33,34,34,18,17,33,17,17,34,18,34,34,33,17,18,34,34,34,34,34,34,34,34,34,34,34,34,18,34,34,35,1,34,33,34,34,18,17,33,17,17,34,18,34,34,34,34,34,34,34,34,33,34,33,18,34,33,33,18,34,34,34,34,34,34,33,18,34,34,34,34,34,34,34,34,34,34,34,34,34,34,34,34,34,34,34,34,34,34,34,34,34,18,34,33,18,34,34,34,34,34,34,34,33,34,18,17,36"
27,C,0,25,36630,"3464,1755,419,1318,419,449,417,30033,417,0","220,1,34,33,34,34,18,17,33,17,17,34,18,34,34,33,17,18,34,34,34,34,34,34,34,34,34,34,34,34,18,34,34,35,1,34,33,34,34,18,17,33,17,17,34,18,34,34,34,34,34,34,34,34,33,34,33,18,34,17,33,18,34,34,34,34,34,34,33,18,34,34,34,34,34,34,34,34,34,34,34,34,34,34,34,34,34,34,34,34,34,34,34,34,34,18,34,33,18,34,34,34,34,34,34,34,33,18,18,17,36"
28,C,0,25,36630,"3465,1755,417,1321,417,450,417,30034,417,0","220,1,34,33,34,34,18,17,33,17,17,34,18,34,34,33,17,18,34,34,34,34,34,34,34,34,34,34,34,34,18,34,34,35,1,34,33,34,34,18,17,33,17,17,34,18,34,34,34,34,34,34,34,34,33,34,33,18,34,34,17,18,34,34,34,34,34,34,33,18,34,34,34,34,34,34,34,34,34,34,34,34,34,34,34,34,34,34,34,34,34,34,34,34,34,18,34,33,18,34,34,34,34,34,34,34,33,33,18,17,36"
29,C,0,25,36697,"3465,1756,417,1321,417,452,417,30034,417,0","220,1,34,33,34,34,18,17,33,17,17,34,18,34,34,33,17,18,34,34,34,34,34,34,34,34,34,34,34,34,18,34,34,35,1,34,33,34,34,18,17,33,17,17,34,18,34,34,34,34,34,34,34,34,33,34,33,18,34,18,17,18,34,34,34,34,34,34,33,18,34,34,34,34,34,34,34,34,34,34,34,34,34,34,34,34,34,34,34,34,34,34,34,34,34,18,34,33,18,34,34,34,34,34,34,34,33,17,18,17,36"
30,C,0,25,36630,"3464,1755,417,1321,417,450,420,30032,417,0","220,1,34,33,34,34,18,17,33,17,17,34,18,34,34,33,17,18,34,34,34,34,34,34,34,34,34,34,34,34,18,34,34,35,1,34,33,34,34,18,17,33,17,17,34,18,34,34,34,34,34,34,34,34,33,34,33,18,34,33,17,18,34,34,34,34,34,34,33,18,34,34,34,34,34,34,34,34,34,34,34,34,34,34,34,34,34,34,34,34,34,34,34,34,34,18,34,33,18,34,34,34,34,34,34,34,33,34,33,17,36"
18,C,1,50,36630,"3464,1757,415,1320,417,452,417,30033,419,0","220,1,34,33,34,34,18,17,33,17,17,34,18,34,34,33,17,18,34,34,34,34,34,34,34,34,34,34,34,34,18,34,34,35,1,34,33,34,34,18,17,33,17,17,34,18,34,34,34,34,34,34,34,34,33,34,33,18,34,33,34,18,34,34,34,34,33,17,17,33,34,34,34,34,34,34,34,34,34,34,34,34,34,34,34,34,34,34,34,34,34,34,34,34,34,18,34,33,18,34,34,34,34,34,34,34,34,34,18,34,20"
20,C,1,50,36900,"3465,1756,417,1321,417,452,417,30031,419,0","220,1,34,33,34,34,18,17,33,17,17,34,18,34,34,33,17,18,34,34,34,34,34,34,34,34,34,34,34,34,18,34,34,35,1,34,33,34,34,18,17,33,17,17,34,18,34,34,34,34,34,34,34,34,33,34,33,18,34,34,18,18,34,34,34,34,33,17,17,33,34,34,34,34,34,34,34,34,34,34,34,34,34,34,34,34,34,34,34,34,34,34,34,34,34,18,34,33,18,34,34,34,34,34,34,34,34,33,18,34,20"
22,C,1,50,36630,"3465,1753,419,1319,419,449,417,30032,417,0","220,1,34,33,34,34,18,17,33,17,17,34,18,34,34,33,17,18,34,34,34,34,34,34,34,34,34,34,34,34,18,34,34,35,1,34,33,34,34,18,17,33,17,17,34,18,34,34,34,34,34,34,34,34,33,34,33,18,34,33,18,18,34,34,34,34,33,17,17,33,34,34,34,34,34,34,34,34,34,34,34,34,34,34,34,34,34,34,34,34,34,34,34,34,34,18,34,33,18,34,34,34,34,34,34,34,34,34,33,34,20"
23,C,1,50,36900,"3464,1755,417,1321,417,452,417,30031,417,0","220,1,34,33,34,34,18,17,33,17,17,34,18,34,34,33,17,18,34,34,34,34,34,34,34,34,34,34,34,34,18,34,34,35,1,34,33,34,34,18,17,33,17,17,34,18,34,34,34,34,34,34,34,34,33,34,33,18,34,17,18,18,34,34,34,34,33,17,17,33,34,34,34,34,34,34,34,34,34,34,34,34,34,34,34,34,34,34,34,34,34,34,34,34,34,18,34,33,18,34,34,34,34,34,34,34,34,18,33,34,20"
24,C,1,50,36900,"3464,1755,417,1321,417,452,417,30034,417,0","220,1,34,33,34,34,18,17,33,17,17,34,18,34,34,33,17,18,34,34,34,34,34,34,34,34,34,34,34,34,18,34,34,35,1,34,33,34,34,18,17,33,17,17,34,18,34,34,34,34,34,34,34,34,33,34,33,18,34,34,33,18,34,34,34,34,33,17,17,33,34,34,34,34,34,34,34,34,34,34,34,34,34,34,34,34,34,34,34,34,34,34,34,34,34,18,34,33,18,34,34,34,34,34,34,34,34,33,33,34,20"
25,C,1,50,36630,"3465,1757,415,1320,417,452,417,30032,417,0","220,1,34,33,34,34,18,17,33,17,17,34,18,34,34,33,17,18,34,34,34,34,34,34,34,34,34,34,34,34,18,34,34,35,1,34,33,34,34,18,17,33,17,17,34,18,34,34,34,34,34,34,34,34,33,34,33,18,34,18,33,18,34,34,34,34,33,17,17,33,34,34,34,34,34,34,34,34,34,34,34,34,34,34,34,34,34,34,34,34,34,34,34,34,34,18,34,33,18,34,34,34,34,34,34,34,34,17,33,34,20"
26,C,1,50,36630,"3465,1756,417,1321,417,452,417,30034,417,0","220,1,34,33,34,34,18,17,33,17,17,34,18,34,34,33,17,18,34,34,34,34,34,34,34,34,34,34,34,34,18,34,34,35,1,34,33,34,34,18,17,33,17,17,34,18,34,34,34,34,34,34,34,34,33,34,33,18,34,33,33,18,34,34,34,34,33,17,17,33,34,34,34,34,34,34,34,34,34,34,34,34,34,34,34,34,34,34,34,34,34,34,34,34,34,18,34,33,18,34,34,34,34,34,34,34,34,34,17,34,20"
27,C,1,50,36968,"3463,1757,415,1321,417,452,415,30035,417,0","220,1,34,33,34,34,18,17,33,17,17,34,18,34,34,33,17,18,34,34,34,34,34,34,34,34,34,34,34,34,18,34,34,35,1,34,33,34,34,18,17,33,17,17,34,18,34,34,34,34,34,34,34,34,33,34,33,18,34,17,33,18,34,34,34,34,33,17,17,33,34,34,34,34,34,34,34,34,34,34,34,34,34,34,34,34,34,34,34,34,34,34,34,34,34,18,34,33,18,34,34,34,34,34,34,34,34,18,17,34,20"
28,C,1,50,36630,"3465,1756,417,1319,419,450,417,30032,417,0","220,1,34,33,34,34,18,17,33,17,17,34,18,34,34,33,17,18,34,34,34,34,34,34,34,34,34,34,34,34,18,34,34,35,1,34,33,34,34,18,17,33,17,17,34,18,34,34,34,34,34,34,34,34,33,34,33,18,34,34,17,18,34,34,34,34,33,17,17,33,34,34,34,34,34,34,34,34,34,34,34,34,34,34,34,34,34,34,34,34,34,34,34,34,34,18,34,33,18,34,34,34,34,34,34,34,34,33,17,34,20"
29,C,1,50,36630,"3464,1755,417,1321,417,452,417,30033,420,0","220,1,34,33,34,34,18,17,33,17,17,34,18,34,34,33,17,18,34,34,34,34,34,34,34,34,34,34,34,34,18,34,34,35,1,34,33,34,34,18,17,33,17,17,34,18,34,34,34,34,34,34,34,34,33,34,33,18,34,18,17,18,34,34,34,34,33,17,17,33,34,34,34,34,34,34,34,34,34,34,34,34,34,34,34,34,34,34,34,34,34,34,34,34,34,18,34,33,18,34,34,34,34,34,34,34,34,17,17,34,20"
30,C,1,50,36630,"3465,1755,417,1319,420,449,417,30032,419,0","220,1,34,33,34,34,18,17,33,17,17,34,18,34,34,33,17,18,34,34,34,34,34,34,34,34,34,34,34,34,18,34,34,35,1,34,33,34,34,18,17,33,17,17,34,18,34,34,34,34,34,34,34,34,33,34,33,18,34,33,17,18,34,34,34,34,33,17,17,33,34,34,34,34,34,34,34,34,34,34,34,34,34,34,34,34,34,34,34,34,34,34,34,34,34,18,34,33,18,34,34,34,34,34,34,34,34,34,34,18,20"
18,C,0,50,36968,"3464,1755,417,1318,419,450,417,30033,417,0","220,1,34,33,34,34,18,17,33,17,17,34,18,34,34,33,17,18,34,34,34,34,34,34,34,34,34,34,34,34,18,34,34,35,1,34,33,34,34,18,17,33,17,17,34,18,34,34,34,34,34,34,34,34,33,34,33,18,34,33,34,18,34,34,34,34,34,34,33,33,34,34,34,34,34,34,34,34,34,34,34,34,34,34,34,34,34,34,34,34,34,34,34,34,34,18,34,33,18,34,34,34,34,34,34,34,33,34,17,17,36"
20,C,0,50,36900,"3467,1755,417,1321,417,450,417,30032,417,0","220,1,34,33,34,34,18,17,33,17,17,34,18,34,34,33,17,18,34,34,34,34,34,34,34,34,34,34,34,34,18,34,34,35,1,34,33,34,34,18,17,33,17,17,34,18,34,34,34,34,34,34,34,34,33,34,33,18,34,34,18,18,34,34,34,34,34,34,33,33,34,34,34,34,34,34,34,34,34,34,34,34,34,34,34,34,34,34,34,34,34,34,34,34,34,18,34,33,18,34,34,34,34,34,34,34,33,33,17,17,36"
22,C,0,50,36630,"3464,1758,417,1318,419,450,417,30033,417,0","220,1,34,33,34,34,18,17,33,17,17,34,18,34,34,33,17,18,34,34,34,34,34,34,34,34,34,34,34,34,18,34,34,35,1,34,33,34,34,18,17,33,17,17,34,18,34,34,34,34,34,34,34,34,33,34,33,18,34,33,18,18,34,34,34,34,34,34,33,33,34,34,34,34,34,34,34,34,34,34,34,34,34,34,34,34,34,34,34,34,34,34,34,34,34,18,34,33,18,34,34,34,34,34,34,34,33,34,34,34,20"
23,C,0,50,36630,"3464,1757,417,1320,417,452,417,30032,419,0","220,1,34,33,34,34,18,17,33,17,17,34,18,34,34,33,17,18,34,34,34,34,34,34,34,34,34,34,34,34,18,34,34,35,1,34,33,34,34,18,17,33,17,17,34,18,34,34,34,34,34,34,34,34,33,34,33,18,34,17,18,18,34,34,34,34,34,34,33,33,34,34,34,34,34,34,34,34,34,34,34,34,34,34,34,34,34,34,34,34,34,34,34,34,34,18,34,33,18,34,34,34,34,34,34,34,33,18,34,34,20"
24,C,0,50,36697,"3464,1757,417,1321,417,450,417,30033,417,0","220,1,34,33,34,34,18,17,33,17,17,34,18,34,34,33,17,18,34,34,34,34,34,34,34,34,34,34,34,34,18,34,34,35,1,34,33,34,34,18,17,33,17,17,34,18,34,34,34,34,34,34,34,34,33,34,33,18,34,34,33,18,34,34,34,34,34,34,33,33,34,34,34,34,34,34,34,34,34,34,34,34,34,34,34,34,34,34,34,34,34,34,34,34,34,18,34,33,18,34,34,34,34,34,34,34,33,33,34,34,20"
25,C,0,50,36630,"3463,1758,415,1321,417,452,417,30032,417,0","220,1,34,33,34,34,18,17,33,17,17,34,18,34,34,33,17,18,34,34,34,34,34,34,34,34,34,34,34,34,18,34,34,35,1,34,33,34,34,18,17,33,17,17,34,18,34,34,34,34,34,34,34,34,33,34,33,18,34,18,33,18,34,34,34,34,34,34,33,33,34,34,34,34,34,34,34,34,34,34,34,34,34,34,34,34,34,34,34,34,34,34,34,34,34,18,34,33,18,34,34,34,34,34,34,34,33,17,34,34,20"
26,C,0,50,36630,"3465,1758,415,1321,417,452,417,30034,419,0","220,1,34,33,34,34,18,17,33,17,17,34,18,34,34,33,17,18,34,34,34,34,34,34,34,34,34,34,34,34,18,34,34,35,1,34,33,34,34,18,17,33,17,17,34,18,34,34,34,34,34,34,34,34,33,34,33,18,34,33,33,18,34,34,34,34,34,34,33,33,34,34,34,34,34,34,34,34,34,34,34,34,34,34,34,34,34,34,34,34,34,34,34,34,34,18,34,33,18,34,34,34,34,34,34,34,33,34,18,34,20"
27,C,0,50,36630,"3465,1755,417,1321,417,452,415,30035,417,0","220,1,34,33,34,34,18,17,33,17,17,34,18,34,34,33,17,18,34,34,34,34,34,34,34,34,34,34,34,34,18,34,34,35,1,34,33,34,34,18,17,33,17,17,34,18,34,34,34,34,34,34,34,34,33,34,33,18,34,17,33,18,34,34,34,34,34,34,33,33,34,34,34,34,34,34,34,34,34,34,34,34,34,34,34,34,34,34,34,34,34,34,34,34,34,18,34,33,18,34,34,34,34,34,34,34,33,18,18,34,20"
28,C,0,50,36630,"3465,1755,417,1321,417,452,417,30033,420,0","220,1,34,33,34,34,18,17,33,17,17,34,18,34,34,33,17,18,34,34,34,34,34,34,34,34,34,34,34,34,18,34,34,35,1,34,33,34,34,18,17,33,17,17,34,18,34,34,34,34,34,34,34,34,33,34,33,18,34,34,17,18,34,34,34,34,34,34,33,33,34,34,34,34,34,34,34,34,34,34,34,34,34,34,34,34,34,34,34,34,34,34,34,34,34,18,34,33,18,34,34,34,34,34,34,34,33,33,18,34,20"
29,C,0,50,36563,"3465,1758,415,1321,417,452,417,30035,417,0","220,1,34,33,34,34,18,17,33,17,17,34,18,34,34,33,17,18,34,34,34,34,34,34,34,34,34,34,34,34,18,34,34,35,1,34,33,34,34,18,17,33,17,17,34,18,34,34,34,34,34,34,34,34,33,34,33,18,34,18,17,18,34,34,34,34,34,34,33,33,34,34,34,34,34,34,34,34,34,34,34,34,34,34,34,34,34,34,34,34,34,34,34,34,34,18,34,33,18,34,34,34,34,34,34,34,33,17,18,34,20"
30,C,0,50,36630,"3465,1755,417,1321,417,452,417,30032,419,0","220,1,34,33,34,34,18,17,33,17,17,34,18,34,34,33,17,18,34,34,34,34,34,34,34,34,34,34,34,34,18,34,34,35,1,34,33,34,34,18,17,33,17,17,34,18,34,34,34,34,34,34,34,34,33,34,33,18,34,33,17,18,34,34,34,34,34,34,33,33,34,34,34,34,34,34,34,34,34,34,34,34,34,34,34,34,34,34,34,34,34,34,34,34,34,18,34,33,18,34,34,34,34,34,34,34,33,34,33,34,20"
18,C,1,75,36630,"3464,1757,415,1321,419,449,417,30033,419,0","220,1,34,33,34,34,18,17,33,17,17,34,18,34,34,33,17,18,34,34,34,34,34,34,34,34,34,34,34,34,18,34,34,35,1,34,33,34,34,18,17,33,17,17,34,18,34,34,34,34,34,34,34,34,33,34,33,18,34,33,34,18,34,34,34,34,33,17,17,17,34,34,34,34,34,34,34,34,34,34,34,34,34,34,34,34,34,34,34,34,34,34,34,34,34,18,34,33,18,34,34,34,34,34,34,34,34,34,18,18,20"
20,C,1,75,36630,"3465,1755,417,1321,419,450,417,30033,417,0","220,1,34,33,34,34,18,17,33,17,17,34,18,34,34,33,17,18,34,34,34,34,34,34,34,34,34,34,34,34,18,34,34,35,1,34,33,34,34,18,17,33,17,17,34,18,34,34,34,34,34,34,34,34,33,34,33,18,34,34,18,18,34,34,34,34,33,17,17,17,34,34,34,34,34,34,34,34,34,34,34,34,34,34,34,34,34,34,34,34,34,34,34,34,34,18,34,33,18,34,34,34,34,34,34,34,34,33,18,18,20"
22,C,1,75,36630,"3464,1758,417,1319,419,449,417,30033,417,0","220,1,34,33,34,34,18,17,33,17,17,34,18,34,34,33,17,18,34,34,34,34,34,34,34,34,34,34,34,34,18,34,34,35,1,34,33,34,34,18,17,33,17,17,34,18,34,34,34,34,34,34,34,34,33,34,33,18,34,33,18,18,34,34,34,34,33,17,17,17,34,34,34,34,34,34,34,34,34,34,34,34,34,34,34,34,34,34,34,34,34,34,34,34,34,18,34,33,18,34,34,34,34,34,34,34,34,34,33,18,20"
23,C,1,75,36630,"3464,1757,417,1320,417,452,417,30032,419,0","220,1,34,33,34,34,18,17,33,17,17,34,18,34,34,33,17,18,34,34,34,34,34,34,34,34,34,34,34,34,18,34,34,35,1,34,33,34,34,18,17,33,17,17,34,18,34,34,34,34,34,34,34,34,33,34,33,18,34,17,18,18,34,34,34,34,33,17,17,17,34,34,34,34,34,34,34,34,34,34,34,34,34,34,34,34,34,34,34,34,34,34,34,34,34,18,34,33,18,34,34,34,34,34,34,34,34,18,33,18,20"
24,C,1,75,36900,"3464,1757,415,1320,417,452,417,30033,417,0","220,1,34,33,34,34,18,17,33,17,17,34,18,34,34,33,17,18,34,34,34,34,34,34,34,34,34,34,34,34,18,34,34,35,1,34,33,34,34,18,17,33,17,17,34,18,34,34,34,34,34,34,34,34,33,34,33,18,34,34,33,18,34,34,34,34,33,17,17,17,34,34,34,34,34,34,34,34,34,34,34,34,34,34,34,34,34,34,34,34,34,34,34,34,34,18,34,33,18,34,34,34,34,34,34,34,34,33,33,18,20"
25,C,1,75,36630,"3466,1755,417,1320,417,451,417,30033,417,0","220,1,34,33,34,34,18,17,33,17,17,34,18,34,34,33,17,18,34,34,34,34,34,34,34,34,34,34,34,34,18,34,34,35,1,34,33,34,34,18,17,33,17,17,34,18,34,34,34,34,34,34,34,34,33,34,33,18,34,18,33,18,34,34,34,34,33,17,17,17,34,34,34,34,34,34,34,34,34,34,34,34,34,34,34,34,34,34,34,34,34,34,34,34,34,18,34,33,18,34,34,34,34,34,34,34,34,17,33,18,20"
26,C,1,75,36968,"3465,1758,417,1319,417,452,417,30035,419,0","220,1,34,33,34,34,18,17,33,17,17,34,18,34,34,33,17,18,34,34,34,34,34,34,34,34,34,34,34,34,18,34,34,35,1,34,33,34,34,18,17,33,17,17,34,18,34,34,34,34,34,34,34,34,33,34,33,18,34,33,33,18,34,34,34,34,33,17,17,17,34,34,34,34,34,34,34,34,34,34,34,34,34,34,34,34,34,34,34,34,34,34,34,34,34,18,34,33,18,34,34,34,34,34,34,34,34,34,17,18,20"
27,C,1,75,36900,"3462,1758,417,1321,417,450,417,30032,417,0","220,1,34,33,34,34,18,17,33,17,17,34,18,34,34,33,17,18,34,34,34,34,34,34,34,34,34,34,34,34,18,34,34,35,1,34,33,34,34,18,17,33,17,17,34,18,34,34,34,34,34,34,34,34,33,34,33,18,34,17,33,18,34,34,34,34,33,17,17,17,34,34,34,34,34,34,34,34,34,34,34,34,34,34,34,34,34,34,34,34,34,34,34,34,34,18,34,33,18,34,34,34,34,34,34,34,34,18,17,18,20"
28,C,1,75,36968,"3462,1758,415,1321,417,452,415,30035,417,0","220,1,34,33,34,34,18,17,33,17,17,34,18,34,34,33,17,18,34,34,34,34,34,34,34,34,34,34,34,34,18,34,34,35,1,34,33,34,34,18,17,33,17,17,34,18,34,34,34,34,34,34,34,34,33,34,33,18,34,34,17,18,34,34,34,34,33,17,17,17,34,34,34,34,34,34,34,34,34,34,34,34,34,34,34,34,34,34,34,34,34,34,34,34,34,18,34,33,18,34,34,34,34,34,34,34,34,33,17,18,20"
29,C,1,75,36630,"3464,1757,417,1321,417,450,417,30034,417,0","220,1,34,33,34,34,18,17,33,17,17,34,18,34,34,33,17,18,34,34,34,34,34,34,34,34,34,34,34,34,18,34,34,35,1,34,33,34,34,18,17,33,17,17,34,18,34,34,34,34,34,34,34,34,33,34,33,18,34,18,17,18,34,34,34,34,33,17,17,17,34,34,34,34,34,34,34,34,34,34,34,34,34,34,34,34,34,34,34,34,34,34,34,34,34,18,34,33,18,34,34,34,34,34,34,34,34,17,17,18,20"
30,C,1,75,36630,"3464,1758,415,1321,417,452,417,30032,417,0","220,1,34,33,34,34,18,17,33,17,17,34,18,34,34,33,17,18,34,34,34,34,34,34,34,34,34,34,34,34,18,34,34,35,1,34,33,34,34,18,17,33,17,17,34,18,34,34,34,34,34,34,34,34,33,34,33,18,34,33,17,18,34,34,34,34,33,17,17,17,34,34,34,34,34,34,34,34,34,34,34,34,34,34,34,34,34,34,34,34,34,34,34,34,34,18,34,33,18,34,34,34,34,34,34,34,34,34,34,33,20"
18,C,0,75,36697,"3464,1757,415,1321,419,449,417,30033,417,0","220,1,34,33,34,34,18,17,33,17,17,34,18,34,34,33,17,18,34,34,34,34,34,34,34,34,34,34,34,34,18,34,34,35,1,34,33,34,34,18,17,33,17,17,34,18,34,34,34,34,34,34,34,34,33,34,33,18,34,33,34,18,34,34,34,34,34,34,33,17,34,34,34,34,34,34,34,34,34,34,34,34,34,34,34,34,34,34,34,34,34,34,34,34,34,18,34,33,18,34,34,34,34,34,34,34,33,34,17,34,20"
20,C,0,75,36630,"3464,1757,417,1321,417,449,417,30033,417,0","220,1,34,33,34,34,18,17,33,17,17,34,18,34,34,33,17,18,34,34,34,34,34,34,34,34,34,34,34,34,18,34,34,35,1,34,33,34,34,18,17,33,17,17,34,18,34,34,34,34,34,34,34,34,33,34,33,18,34,34,18,18,34,34,34,34,34,34,33,17,34,34,34,34,34,34,34,34,34,34,34,34,34,34,34,34,34,34,34,34,34,34,34,34,34,18,34,33,18,34,34,34,34,34,34,34,33,33,17,34,20"
22,C,0,75,36630,"3464,1757,417,1320,417,452,417,30032,417,0","220,1,34,33,34,34,18,17,33,17,17,34,18,34,34,33,17,18,34,34,34,34,34,34,34,34,34,34,34,34,18,34,34,35,1,34,33,34,34,18,17,33,17,17,34,18,34,34,34,34,34,34,34,34,33,34,33,18,34,33,18,18,34,34,34,34,34,34,33,17,34,34,34,34,34,34,34,34,34,34,34,34,34,34,34,34,34,34,34,34,34,34,34,34,34,18,34,33,18,34,34,34,34,34,34,34,33,34,34,18,20"
23,C,0,75,36900,"3466,1755,417,1321,417,452,417,30033,417,0","220,1,34,33,34,34,18,17,33,17,17,34,18,34,34,33,17,18,34,34,34,34,34,34,34,34,34,34,34,34,18,34,34,35,1,34,33,34,34,18,17,33,17,17,34,18,34,34,34,34,34,34,34,34,33,34,33,18,34,17,18,18,34,34,34,34,34,34,33,17,34,34,34,34,34,34,34,34,34,34,34,34,34,34,34,34,34,34,34,34,34,34,34,34,34,18,34,33,18,34,34,34,34,34,34,34,33,18,34,18,20"
24,C,0,75,36630,"3465,1757,415,1320,417,452,417,30033,417,0","220,1,34,33,34,34,18,17,33,17,17,34,18,34,34,33,17,18,34,34,34,34,34,34,34,34,34,34,34,34,18,34,34,35,1,34,33,34,34,18,17,33,17,17,34,18,34,34,34,34,34,34,34,34,33,34,33,18,34,34,33,18,34,34,34,34,34,34,33,17,34,34,34,34,34,34,34,34,34,34,34,34,34,34,34,34,34,34,34,34,34,34,34,34,34,18,34,33,18,34,34,34,34,34,34,34,33,33,34,18,20"
25,C,0,75,36630,"3464,1757,415,1321,417,450,417,30033,417,0","220,1,34,33,34,34,18,17,33,17,17,34,18,34,34,33,17,18,34,34,34,34,34,34,34,34,34,34,34,34,18,34,34,35,1,34,33,34,34,18,17,33,17,17,34,18,34,34,34,34,34,34,34,34,33,34,33,18,34,18,33,18,34,34,34,34,34,34,33,17,34,34,34,34,34,34,34,34,34,34,34,34,34,34,34,34,34,34,34,34,34,34,34,34,34,18,34,33,18,34,34,34,34,34,34,34,33,17,34,18,20"
26,C,0,75,36900,"3464,1759,415,1321,417,452,417,30033,417,0","220,1,34,33,34,34,18,17,33,17,17,34,18,34,34,33,17,18,34,34,34,34,34,34,34,34,34,34,34,34,18,34,34,35,1,34,33,34,34,18,17,33,17,17,34,18,34,34,34,34,34,34,34,34,33,34,33,18,34,33,33,18,34,34,34,34,34,34,33,17,34,34,34,34,34,34,34,34,34,34,34,34,34,34,34,34,34,34,34,34,34,34,34,34,34,18,34,33,18,34,34,34,34,34,34,34,33,34,18,18,20"
27,C,0,75,36630,"3464,1755,417,1321,417,452,417,30032,419,0","220,1,34,33,34,34,18,17,33,17,17,34,18,34,34,33,17,18,34,34,34,34,34,34,34,34,34,34,34,34,18,34,34,35,1,34,33,34,34,18,17,33,17,17,34,18,34,34,34,34,34,34,34,34,33,34,33,18,34,17,33,18,34,34,34,34,34,34,33,17,34,34,34,34,34,34,34,34,34,34,34,34,34,34,34,34,34,34,34,34,34,34,34,34,34,18,34,33,18,34,34,34,34,34,34,34,33,18,18,18,20"
28,C,0,75,36968,"3464,1757,417,1320,417,450,415,30035,417,0","220,1,34,33,34,34,18,17,33,17,17,34,18,34,34,33,17,18,34,34,34,34,34,34,34,34,34,34,34,34,18,34,34,35,1,34,33,34,34,18,17,33,17,17,34,18,34,34,34,34,34,34,34,34,33,34,33,18,34,34,17,18,34,34,34,34,34,34,33,17,34,34,34,34,34,34,34,34,34,34,34,34,34,34,34,34,34,34,34,34,34,34,34,34,34,18,34,33,18,34,34,34,34,34,34,34,33,33,18,18,20"
29,C,0,75,36630,"3464,1757,415,1323,415,452,417,30034,417,0","220,1,34,33,34,34,18,17,33,17,17,34,18,34,34,33,17,18,34,34,34,34,34,34,34,34,34,34,34,34,18,34,34,35,1,34,33,34,34,18,17,33,17,17,34,18,34,34,34,34,34,34,34,34,33,34,33,18,34,18,17,18,34,34,34,34,34,34,33,17,34,34,34,34,34,34,34,34,34,34,34,34,34,34,34,34,34,34,34,34,34,34,34,34,34,18,34,33,18,34,34,34,34,34,34,34,33,17,18,18,20"
30,C,0,75,36563,"3465,1758,415,1321,417,450,417,30033,415,0","220,1,34,33,34,34,18,17,33,17,17,34,18,34,34,33,17,18,34,34,34,34,34,34,34,34,34,34,34,34,18,34,34,35,1,34,33,34,34,18,17,33,17,17,34,18,34,34,34,34,34,34,34,34,33,34,33,18,34,33,17,18,34,34,34,34,34,34,33,17,34,34,34,34,34,34,34,34,34,34,34,34,34,34,34,34,34,34,34,34,34,34,34,34,34,18,34,33,18,34,34,34,34,34,34,34,33,34,33,18,20"
